,endtime,starttime,interval,departing_insect,arriving_insect,sheet_title,timestamp_pd,timestamp_pd_rounded,same_species,temp,dwpt,rhum,prcp,wdir,wspd,pres,coco,status
0,0 days 11:41:43,0 days 11:44:13,150.0,Insecta,Insecta,07-28-2022 i10 Zinnia,2022-07-28 11:41:43,2022-07-28 12:00:00,1,23.0,23.0,100.0,0.0,270.0,7.2,1014.0,3.0,1
1,0 days 11:44:43,0 days 12:04:13,1170.0,Insecta,Syrphinae,07-28-2022 i10 Zinnia,2022-07-28 11:44:43,2022-07-28 12:00:00,0,23.0,23.0,100.0,0.0,270.0,7.2,1014.0,3.0,1
2,0 days 13:43:07,0 days 13:54:07,660.0,Halictus ligatus/poeyi,Syrphidae,07-28-2022 i4 Black-eyed Susan,2022-07-28 13:43:07,2022-07-28 14:00:00,0,29.0,25.0,79.0,0.0,271.0,8.3,1013.0,3.0,1
3,0 days 12:57:16,0 days 12:59:20,124.0,Augochlorini,Apis mellifera,08-04-2022 i8 Cup Plant,2022-08-04 12:57:16,2022-08-04 13:00:00,1,28.0,25.0,84.0,0.0,220.0,7.0,1019.0,1.0,1
4,0 days 13:00:22,0 days 13:00:53,31.0,Apis mellifera,Augochlorini,08-04-2022 i8 Cup Plant,2022-08-04 13:00:22,2022-08-04 13:00:00,1,28.0,25.0,84.0,0.0,220.0,7.0,1019.0,1.0,1
5,0 days 13:01:55,0 days 13:03:28,93.0,Augochlorini,Augochlorini,08-04-2022 i8 Cup Plant,2022-08-04 13:01:55,2022-08-04 13:00:00,1,28.0,25.0,84.0,0.0,220.0,7.0,1019.0,1.0,1
6,0 days 11:50:31,0 days 12:25:31,2100.0,Melissodes bimaculatus (F),Melissodes bimaculatus (F),08-16-2022 i8 Cup plant,2022-08-16 11:50:31,2022-08-16 12:00:00,1,21.0,18.9,88.0,0.0,50.0,6.0,1017.0,3.0,1
7,0 days 12:26:01,0 days 12:53:01,1620.0,Melissodes bimaculatus (F),Melissodes bimaculatus (F),08-16-2022 i8 Cup plant,2022-08-16 12:26:01,2022-08-16 12:00:00,1,21.0,18.9,88.0,0.0,50.0,6.0,1017.0,3.0,1
8,0 days 12:54:31,0 days 12:56:01,90.0,Melissodes bimaculatus (F),Melissodes bimaculatus (F),08-16-2022 i8 Cup plant,2022-08-16 12:54:31,2022-08-16 13:00:00,1,23.0,18.1,74.0,0.0,50.0,7.6,1017.0,3.0,1
9,0 days 12:59:01,0 days 13:14:02,901.0,Melissodes bimaculatus (F),Melissodes bimaculatus (F),08-16-2022 i8 Cup plant,2022-08-16 12:59:01,2022-08-16 13:00:00,1,23.0,18.1,74.0,0.0,50.0,7.6,1017.0,3.0,1
10,0 days 13:14:32,0 days 13:15:02,30.0,Melissodes bimaculatus (F),Melissodes bimaculatus (F),08-16-2022 i8 Cup plant,2022-08-16 13:14:32,2022-08-16 13:00:00,1,23.0,18.1,74.0,0.0,50.0,7.6,1017.0,3.0,1
11,0 days 13:19:02,0 days 13:38:02,1140.0,Melissodes bimaculatus (F),Melissodes bimaculatus (F),08-16-2022 i8 Cup plant,2022-08-16 13:19:02,2022-08-16 13:00:00,1,23.0,18.1,74.0,0.0,50.0,7.6,1017.0,3.0,1
12,0 days 13:38:32,0 days 14:04:32,1560.0,Melissodes bimaculatus (F),Svastra obliqua (F),08-16-2022 i8 Cup plant,2022-08-16 13:38:32,2022-08-16 14:00:00,0,24.0,17.0,65.0,0.0,40.0,11.2,1017.0,3.0,1
13,0 days 14:05:02,0 days 14:20:32,930.0,Svastra obliqua (F),Melissodes bimaculatus (F),08-16-2022 i8 Cup plant,2022-08-16 14:05:02,2022-08-16 14:00:00,0,24.0,17.0,65.0,0.0,40.0,11.2,1017.0,3.0,1
14,0 days 12:02:30,0 days 12:17:00,870.0,Melissodes denticulatus,Melissodes denticulatus,08-18-2022 i3 Ironweed,2022-08-18 12:02:30,2022-08-18 12:00:00,1,17.0,17.0,100.0,0.0,299.0,7.2,1017.0,1.0,1
15,0 days 12:17:30,0 days 12:29:00,690.0,Melissodes denticulatus,Melissodes denticulatus,08-18-2022 i3 Ironweed,2022-08-18 12:17:30,2022-08-18 12:00:00,1,17.0,17.0,100.0,0.0,299.0,7.2,1017.0,1.0,1
16,0 days 12:29:30,0 days 12:39:00,570.0,Melissodes denticulatus,Melissodes denticulatus,08-18-2022 i3 Ironweed,2022-08-18 12:29:30,2022-08-18 12:00:00,1,17.0,17.0,100.0,0.0,299.0,7.2,1017.0,1.0,1
17,0 days 12:39:30,0 days 13:24:31,2701.0,Melissodes denticulatus,Melissodes denticulatus,08-18-2022 i3 Ironweed,2022-08-18 12:39:30,2022-08-18 13:00:00,1,21.0,18.0,83.0,0.0,296.0,4.3,1016.0,1.0,1
18,0 days 13:25:01,0 days 13:30:01,300.0,Melissodes denticulatus,Melissodes denticulatus,08-18-2022 i3 Ironweed,2022-08-18 13:25:01,2022-08-18 13:00:00,1,21.0,18.0,83.0,0.0,296.0,4.3,1016.0,1.0,1
19,0 days 13:31:01,0 days 13:55:01,1440.0,Melissodes denticulatus,Melissodes denticulatus,08-18-2022 i3 Ironweed,2022-08-18 13:31:01,2022-08-18 14:00:00,1,23.0,17.0,69.0,0.0,270.0,9.0,1016.0,1.0,1
20,0 days 13:55:31,0 days 14:02:31,420.0,Melissodes denticulatus,Melissodes denticulatus,08-18-2022 i3 Ironweed,2022-08-18 13:55:31,2022-08-18 14:00:00,1,23.0,17.0,69.0,0.0,270.0,9.0,1016.0,1.0,1
21,0 days 13:36:36,0 days 14:11:06,2070.0,Toxomerus,Brachycera,08-25-2022 i10 Mexican Sunflower,2022-08-25 13:36:36,2022-08-25 14:00:00,0,26.0,21.0,74.0,0.0,0.0,0.0,1020.0,1.0,1
22,0 days 14:21:11,0 days 14:50:11,1740.0,Bombus,Bombus,09-28-2022 i9 New England Aster,2022-09-13 14:21:11,2022-09-13 14:00:00,1,22.0,16.1,69.0,0.0,290.0,13.0,1012.0,3.0,1
23,0 days 13:56:01,0 days 13:56:02,1.0,Apis mellifera,Bombus,09-28-2022 i4 New England Aster,2022-09-13 13:56:01,2022-09-13 14:00:00,0,22.0,16.1,69.0,0.0,290.0,13.0,1012.0,3.0,1
24,0 days 13:56:03,0 days 13:56:10,7.0,Bombus,Bombus,09-28-2022 i4 New England Aster,2022-09-13 13:56:03,2022-09-13 14:00:00,1,22.0,16.1,69.0,0.0,290.0,13.0,1012.0,3.0,1
25,0 days 13:56:11,0 days 13:56:25,14.0,Bombus,Hesperiinae,09-28-2022 i4 New England Aster,2022-09-13 13:56:11,2022-09-13 14:00:00,0,22.0,16.1,69.0,0.0,290.0,13.0,1012.0,3.0,1
26,0 days 13:56:27,0 days 13:56:53,26.0,Hesperiinae,Apis mellifera,09-28-2022 i4 New England Aster,2022-09-13 13:56:27,2022-09-13 14:00:00,0,22.0,16.1,69.0,0.0,290.0,13.0,1012.0,3.0,1
27,0 days 13:56:54,0 days 13:56:58,4.0,Apis mellifera,Bombus impatiens,09-28-2022 i4 New England Aster,2022-09-13 13:56:54,2022-09-13 14:00:00,0,22.0,16.1,69.0,0.0,290.0,13.0,1012.0,3.0,1
28,0 days 13:56:59,0 days 13:57:18,19.0,Bombus impatiens,Apis mellifera,09-28-2022 i4 New England Aster,2022-09-13 13:56:59,2022-09-13 14:00:00,0,22.0,16.1,69.0,0.0,290.0,13.0,1012.0,3.0,1
29,0 days 13:57:19,0 days 13:57:40,21.0,Apis mellifera,Apis mellifera,09-28-2022 i4 New England Aster,2022-09-13 13:57:19,2022-09-13 14:00:00,1,22.0,16.1,69.0,0.0,290.0,13.0,1012.0,3.0,1
30,0 days 13:57:41,0 days 13:58:05,24.0,Apis mellifera,Apis mellifera,09-28-2022 i4 New England Aster,2022-09-13 13:57:41,2022-09-13 14:00:00,1,22.0,16.1,69.0,0.0,290.0,13.0,1012.0,3.0,1
31,0 days 13:58:06,0 days 13:58:21,15.0,Apis mellifera,Hesperiinae,09-28-2022 i4 New England Aster,2022-09-13 13:58:06,2022-09-13 14:00:00,0,22.0,16.1,69.0,0.0,290.0,13.0,1012.0,3.0,1
32,0 days 13:58:22,0 days 13:58:35,13.0,Hesperiinae,Apis mellifera,09-28-2022 i4 New England Aster,2022-09-13 13:58:22,2022-09-13 14:00:00,0,22.0,16.1,69.0,0.0,290.0,13.0,1012.0,3.0,1
33,0 days 13:59:11,0 days 14:06:02,411.0,Apis mellifera,Apis mellifera,09-28-2022 i4 New England Aster,2022-09-13 13:59:11,2022-09-13 14:00:00,1,22.0,16.1,69.0,0.0,290.0,13.0,1012.0,3.0,1
34,0 days 14:07:10,0 days 14:07:52,42.0,Apis mellifera,Bombus impatiens,09-28-2022 i4 New England Aster,2022-09-13 14:07:10,2022-09-13 14:00:00,0,22.0,16.1,69.0,0.0,290.0,13.0,1012.0,3.0,1
35,0 days 14:07:57,0 days 14:10:11,134.0,Bombus impatiens,Apis mellifera,09-28-2022 i4 New England Aster,2022-09-13 14:07:57,2022-09-13 14:00:00,0,22.0,16.1,69.0,0.0,290.0,13.0,1012.0,3.0,1
36,0 days 14:10:32,0 days 14:26:18,946.0,Apis mellifera,Hesperiinae,09-28-2022 i4 New England Aster,2022-09-13 14:10:32,2022-09-13 14:00:00,0,22.0,16.1,69.0,0.0,290.0,13.0,1012.0,3.0,1
37,0 days 14:50:41,0 days 15:05:41,900.0,Bombus,Bombus impatiens,09-28-2022 i9 New England Aster,2022-09-13 14:50:41,2022-09-13 15:00:00,1,23.0,16.1,65.0,0.0,310.0,11.2,1012.0,3.0,1
38,0 days 15:06:41,0 days 15:30:12,1411.0,Bombus impatiens,Bombus,09-28-2022 i9 New England Aster,2022-09-13 15:06:41,2022-09-13 15:00:00,1,23.0,16.1,65.0,0.0,310.0,11.2,1012.0,3.0,1
39,0 days 14:46:49,0 days 15:52:49,3960.0,Hesperiinae,Apis mellifera,09-28-2022 i4 New England Aster,2022-09-13 14:46:49,2022-09-13 15:00:00,0,23.0,16.1,65.0,0.0,310.0,11.2,1012.0,3.0,1
40,0 days 00:03:28,0 days 00:04:37,69.0,Xylocopa virginica (F),X. virginica (M),(pol.) +Physostegia virginiana 9.13.22,2022-09-13 14:38:41,2022-09-13 15:00:00,1,23.0,16.1,65.0,0.0,310.0,11.2,1012.0,3.0,1
41,0 days 00:04:42,0 days 00:14:56,614.0,X. virginica (M),X. virginica (F),(pol.) +Physostegia virginiana 9.13.22,2022-09-13 14:40:00,2022-09-13 15:00:00,1,23.0,16.1,65.0,0.0,310.0,11.2,1012.0,3.0,1
42,0 days 00:15:06,0 days 00:15:11,5.0,X. virginica (F),X. virginica (F),(pol.) +Physostegia virginiana 9.13.22,2022-09-13 14:50:19,2022-09-13 15:00:00,1,23.0,16.1,65.0,0.0,310.0,11.2,1012.0,3.0,1
43,0 days 00:16:38,0 days 00:17:03,25.0,Apis mellifera,A. mellifera,(pol.) +Physostegia virginiana 9.13.22,2022-09-13 14:51:55,2022-09-13 15:00:00,1,23.0,16.1,65.0,0.0,310.0,11.2,1012.0,3.0,1
44,0 days 00:17:16,0 days 00:20:27,191.0,A. mellifera,X. virginica (F),(pol.) +Physostegia virginiana 9.13.22,2022-09-13 14:52:26,2022-09-13 15:00:00,0,23.0,16.1,65.0,0.0,310.0,11.2,1012.0,3.0,1
45,0 days 00:20:44,0 days 00:24:58,254.0,X. virginica (F),X. virginica (F),(pol.) +Physostegia virginiana 9.13.22,2022-09-13 14:55:50,2022-09-13 15:00:00,1,23.0,16.1,65.0,0.0,310.0,11.2,1012.0,3.0,1
46,0 days 00:26:10,0 days 00:26:53,43.0,X. virginica (F),A. mellifera,(pol.) +Physostegia virginiana 9.13.22,2022-09-13 15:00:21,2022-09-13 15:00:00,0,23.0,16.1,65.0,0.0,310.0,11.2,1012.0,3.0,1
47,0 days 00:26:54,0 days 00:27:46,52.0,A. mellifera,X. virginica (M),(pol.) +Physostegia virginiana 9.13.22,2022-09-13 15:02:16,2022-09-13 15:00:00,0,23.0,16.1,65.0,0.0,310.0,11.2,1012.0,3.0,1
48,0 days 00:28:05,0 days 00:28:41,36.0,X. virginica (M),A. mellifera,(pol.) +Physostegia virginiana 9.13.22,2022-09-13 15:03:09,2022-09-13 15:00:00,0,23.0,16.1,65.0,0.0,310.0,11.2,1012.0,3.0,1
49,0 days 00:28:54,0 days 00:29:02,8.0,A. mellifera,A. mellifera,(pol.) +Physostegia virginiana 9.13.22,2022-09-13 15:04:04,2022-09-13 15:00:00,1,23.0,16.1,65.0,0.0,310.0,11.2,1012.0,3.0,1
50,0 days 00:29:28,0 days 00:30:54,86.0,A. mellifera,A. mellifera,(pol.) +Physostegia virginiana 9.13.22,2022-09-13 15:04:25,2022-09-13 15:00:00,1,23.0,16.1,65.0,0.0,310.0,11.2,1012.0,3.0,1
51,0 days 00:31:02,0 days 00:33:36,154.0,A. mellifera,A. mellifera,(pol.) +Physostegia virginiana 9.13.22,2022-09-13 15:06:17,2022-09-13 15:00:00,1,23.0,16.1,65.0,0.0,310.0,11.2,1012.0,3.0,1
52,0 days 00:34:01,0 days 00:34:15,14.0,Insecta,Syrphinae,(pol.) +Physostegia virginiana 9.13.22,2022-09-13 15:09:11,2022-09-13 15:00:00,0,23.0,16.1,65.0,0.0,310.0,11.2,1012.0,3.0,1
53,0 days 00:34:28,0 days 00:35:03,35.0,Syrphinae,X. virginica (F),(pol.) +Physostegia virginiana 9.13.22,2022-09-13 15:09:38,2022-09-13 15:00:00,0,23.0,16.1,65.0,0.0,310.0,11.2,1012.0,3.0,1
54,0 days 00:35:47,0 days 00:39:25,218.0,X. virginica (F),X. virginica (F),(pol.) +Physostegia virginiana 9.13.22,2022-09-13 15:10:26,2022-09-13 15:00:00,1,23.0,16.1,65.0,0.0,310.0,11.2,1012.0,3.0,1
55,0 days 00:39:58,0 days 00:49:02,544.0,X. virginica (F),X. virginica (F),(pol.) +Physostegia virginiana 9.13.22,2022-09-13 15:14:48,2022-09-13 15:00:00,1,23.0,16.1,65.0,0.0,310.0,11.2,1012.0,3.0,1
56,0 days 00:50:16,0 days 00:51:07,51.0,X. virginica (F),A. mellifera,(pol.) +Physostegia virginiana 9.13.22,2022-09-13 15:24:25,2022-09-13 15:00:00,0,23.0,16.1,65.0,0.0,310.0,11.2,1012.0,3.0,1
57,0 days 00:51:49,0 days 00:52:06,17.0,A. mellifera,A. mellifera,(pol.) +Physostegia virginiana 9.13.22,2022-09-13 15:26:30,2022-09-13 15:00:00,1,23.0,16.1,65.0,0.0,310.0,11.2,1012.0,3.0,1
58,0 days 00:52:34,0 days 00:57:12,278.0,A. mellifera,Hemaris diffinis,(pol.) +Physostegia virginiana 9.13.22,2022-09-13 15:27:29,2022-09-13 15:00:00,0,23.0,16.1,65.0,0.0,310.0,11.2,1012.0,3.0,1
59,0 days 15:30:42,0 days 15:33:42,180.0,Bombus,Bombus,09-28-2022 i9 New England Aster,2022-09-13 15:30:42,2022-09-13 16:00:00,1,25.0,17.0,61.0,0.0,280.0,13.0,1011.0,3.0,1
60,0 days 15:34:12,0 days 15:35:42,90.0,Bombus,Apis mellifera,09-28-2022 i9 New England Aster,2022-09-13 15:34:12,2022-09-13 16:00:00,0,25.0,17.0,61.0,0.0,280.0,13.0,1011.0,3.0,1
61,0 days 15:36:12,0 days 15:49:12,780.0,Apis mellifera,Bombus,09-28-2022 i9 New England Aster,2022-09-13 15:36:12,2022-09-13 16:00:00,0,25.0,17.0,61.0,0.0,280.0,13.0,1011.0,3.0,1
62,0 days 15:49:42,0 days 15:55:42,360.0,Bombus,Apidae,09-28-2022 i9 New England Aster,2022-09-13 15:49:42,2022-09-13 16:00:00,0,25.0,17.0,61.0,0.0,280.0,13.0,1011.0,3.0,1
63,0 days 15:56:12,0 days 15:57:42,90.0,Apidae,Apidae,09-28-2022 i9 New England Aster,2022-09-13 15:56:12,2022-09-13 16:00:00,1,25.0,17.0,61.0,0.0,280.0,13.0,1011.0,3.0,1
64,0 days 15:58:12,0 days 16:06:12,480.0,Apidae,Apis mellifera,09-28-2022 i9 New England Aster,2022-09-13 15:58:12,2022-09-13 16:00:00,1,25.0,17.0,61.0,0.0,280.0,13.0,1011.0,3.0,1
65,0 days 16:06:42,0 days 16:15:12,510.0,Apis mellifera,Apis mellifera,09-28-2022 i9 New England Aster,2022-09-13 16:06:42,2022-09-13 16:00:00,1,25.0,17.0,61.0,0.0,280.0,13.0,1011.0,3.0,1
66,0 days 16:15:42,0 days 16:28:42,780.0,Apis mellifera,Apidae,09-28-2022 i9 New England Aster,2022-09-13 16:15:42,2022-09-13 16:00:00,1,25.0,17.0,61.0,0.0,280.0,13.0,1011.0,3.0,1
67,0 days 16:29:12,0 days 16:34:42,330.0,Apidae,Apidae,09-28-2022 i9 New England Aster,2022-09-13 16:29:12,2022-09-13 16:00:00,1,25.0,17.0,61.0,0.0,280.0,13.0,1011.0,3.0,1
68,0 days 00:57:32,0 days 00:58:02,30.0,Hemaris diffinis,Augochlorini,(pol.) +Physostegia virginiana 9.13.22,2022-09-13 15:32:35,2022-09-13 16:00:00,0,25.0,17.0,61.0,0.0,280.0,13.0,1011.0,3.0,1
69,0 days 00:58:57,0 days 00:59:02,5.0,X. virginica (F),Hemaris diffinis,(pol.) +Physostegia virginiana 9.13.22,2022-09-13 15:34:03,2022-09-13 16:00:00,0,25.0,17.0,61.0,0.0,280.0,13.0,1011.0,3.0,1
70,0 days 00:59:04,0 days 00:59:09,5.0,Hemaris diffinis,Augochlorini,(pol.) +Physostegia virginiana 9.13.22,2022-09-13 15:34:25,2022-09-13 16:00:00,0,25.0,17.0,61.0,0.0,280.0,13.0,1011.0,3.0,1
71,0 days 00:59:29,0 days 01:01:10,101.0,Augochlorini,A. mellifera,(pol.) +Physostegia virginiana 9.13.22,2022-09-13 15:34:32,2022-09-13 16:00:00,1,25.0,17.0,61.0,0.0,280.0,13.0,1011.0,3.0,1
72,0 days 01:01:26,0 days 01:13:33,727.0,A. mellifera,X. virginica (F),(pol.) +Physostegia virginiana 9.13.22,2022-09-13 15:36:33,2022-09-13 16:00:00,0,25.0,17.0,61.0,0.0,280.0,13.0,1011.0,3.0,1
73,0 days 01:14:03,0 days 01:15:19,76.0,X. virginica (F),X. virginica (F),(pol.) +Physostegia virginiana 9.13.22,2022-09-13 15:48:56,2022-09-13 16:00:00,1,25.0,17.0,61.0,0.0,280.0,13.0,1011.0,3.0,1
74,0 days 01:15:30,0 days 01:22:50,440.0,X. virginica (F),X. virginica (F),(pol.) +Physostegia virginiana 9.13.22,2022-09-13 15:50:42,2022-09-13 16:00:00,1,25.0,17.0,61.0,0.0,280.0,13.0,1011.0,3.0,1
75,0 days 01:23:00,0 days 01:24:07,67.0,X. virginica (F),A. mellifera,(pol.) +Physostegia virginiana 9.13.22,2022-09-13 15:58:13,2022-09-13 16:00:00,0,25.0,17.0,61.0,0.0,280.0,13.0,1011.0,3.0,1
76,0 days 01:24:28,0 days 01:28:16,228.0,A. mellifera,X. virginica (F),(pol.) +Physostegia virginiana 9.13.22,2022-09-13 15:59:30,2022-09-13 16:00:00,0,25.0,17.0,61.0,0.0,280.0,13.0,1011.0,3.0,1
77,0 days 01:28:47,0 days 01:30:39,112.0,X. virginica (F),A. mellifera,(pol.) +Physostegia virginiana 9.13.22,2022-09-13 16:03:39,2022-09-13 16:00:00,0,25.0,17.0,61.0,0.0,280.0,13.0,1011.0,3.0,1
78,0 days 01:31:55,0 days 01:33:49,114.0,A. mellifera,A. mellifera,(pol.) +Physostegia virginiana 9.13.22,2022-09-13 16:06:02,2022-09-13 16:00:00,1,25.0,17.0,61.0,0.0,280.0,13.0,1011.0,3.0,1
79,0 days 01:33:57,0 days 01:35:09,72.0,A. mellifera,A. mellifera,(pol.) +Physostegia virginiana 9.13.22,2022-09-13 16:09:12,2022-09-13 16:00:00,1,25.0,17.0,61.0,0.0,280.0,13.0,1011.0,3.0,1
80,0 days 01:35:41,0 days 01:37:46,125.0,A. mellifera,X. virginica (F),(pol.) +Physostegia virginiana 9.13.22,2022-09-13 16:10:32,2022-09-13 16:00:00,0,25.0,17.0,61.0,0.0,280.0,13.0,1011.0,3.0,1
81,0 days 01:38:02,0 days 01:43:56,354.0,X. virginica (F),X. virginica (M),(pol.) +Physostegia virginiana 9.13.22,2022-09-13 16:13:09,2022-09-13 16:00:00,1,25.0,17.0,61.0,0.0,280.0,13.0,1011.0,3.0,1
82,0 days 01:44:28,0 days 01:46:17,109.0,X. virginica (M),A. mellifera,(pol.) +Physostegia virginiana 9.13.22,2022-09-13 16:19:19,2022-09-13 16:00:00,0,25.0,17.0,61.0,0.0,280.0,13.0,1011.0,3.0,1
83,0 days 01:46:30,0 days 01:48:48,138.0,A. mellifera,A. mellifera,(pol.) +Physostegia virginiana 9.13.22,2022-09-13 16:21:40,2022-09-13 16:00:00,1,25.0,17.0,61.0,0.0,280.0,13.0,1011.0,3.0,1
84,0 days 01:49:26,0 days 01:50:44,78.0,A. mellifera,A. mellifera,(pol.) +Physostegia virginiana 9.13.22,2022-09-13 16:24:11,2022-09-13 16:00:00,1,25.0,17.0,61.0,0.0,280.0,13.0,1011.0,3.0,1
85,0 days 16:35:12,0 days 16:46:12,660.0,Apidae,Bombus impatiens,09-28-2022 i9 New England Aster,2022-09-13 16:35:12,2022-09-13 17:00:00,0,25.0,17.0,61.0,0.0,310.0,13.0,1011.0,2.0,1
86,0 days 16:46:42,0 days 16:52:42,360.0,Bombus impatiens,Apidae,09-28-2022 i9 New England Aster,2022-09-13 16:46:42,2022-09-13 17:00:00,0,25.0,17.0,61.0,0.0,310.0,13.0,1011.0,2.0,1
126,0 days 00:09:54,0 days 00:10:26,32.0,Anthocoridae,Anthocoridae,(pol.)+Boltonia asteroides 10.14.22,2022-10-14 14:23:57,2022-10-14 14:00:00,1,14.0,10.0,77.0,0.0,7.0,0.7,1016.0,3.0,1
127,0 days 00:12:39,0 days 00:13:18,39.0,Anthocoridae,Anthocoridae,(pol.)+Boltonia asteroides 10.14.22,2022-10-14 14:25:37,2022-10-14 14:00:00,1,14.0,10.0,77.0,0.0,7.0,0.7,1016.0,3.0,1
128,0 days 00:13:51,0 days 00:14:20,29.0,Anthocoridae,Anthocoridae,(pol.)+Boltonia asteroides 10.14.22,2022-10-14 14:28:29,2022-10-14 14:00:00,1,14.0,10.0,77.0,0.0,7.0,0.7,1016.0,3.0,1
129,0 days 00:15:26,0 days 01:01:44,2778.0,Anthocoridae,Anthocoridae,(pol.)+Boltonia asteroides 10.14.22,2022-10-14 14:29:31,2022-10-14 14:00:00,1,14.0,10.0,77.0,0.0,7.0,0.7,1016.0,3.0,1
130,0 days 00:11:26,0 days 00:13:01,95.0,B. impatiens (F),B. impatiens (F),(pol.) +Tithonia rotundifolia 10.14.22,2022-10-14 13:30:05,2022-10-14 14:00:00,1,14.0,10.0,77.0,0.0,7.0,0.7,1016.0,3.0,1
131,0 days 00:13:22,0 days 00:13:38,16.0,B. impatiens (F),B. impatiens (F),(pol.) +Tithonia rotundifolia 10.14.22,2022-10-14 13:31:53,2022-10-14 14:00:00,1,14.0,10.0,77.0,0.0,7.0,0.7,1016.0,3.0,1
132,0 days 00:13:41,0 days 00:16:17,156.0,B. impatiens (F),Phyciodes sp.,(pol.) +Tithonia rotundifolia 10.14.22,2022-10-14 13:32:30,2022-10-14 14:00:00,0,14.0,10.0,77.0,0.0,7.0,0.7,1016.0,3.0,1
133,0 days 00:16:43,0 days 00:17:42,59.0,B. impatiens (F),B. impatiens (F),(pol.) +Tithonia rotundifolia 10.14.22,2022-10-14 13:35:17,2022-10-14 14:00:00,1,14.0,10.0,77.0,0.0,7.0,0.7,1016.0,3.0,1
134,0 days 00:17:54,0 days 00:19:44,110.0,B. impatiens (F),B. impatiens (F),(pol.) +Tithonia rotundifolia 10.14.22,2022-10-14 13:36:34,2022-10-14 14:00:00,1,14.0,10.0,77.0,0.0,7.0,0.7,1016.0,3.0,1
135,0 days 00:19:58,0 days 00:21:36,98.0,B. impatiens (F),B. impatiens (F),(pol.) +Tithonia rotundifolia 10.14.22,2022-10-14 13:38:36,2022-10-14 14:00:00,1,14.0,10.0,77.0,0.0,7.0,0.7,1016.0,3.0,1
136,0 days 00:21:47,0 days 00:24:03,136.0,B. impatiens (F),B. impatiens (F),(pol.) +Tithonia rotundifolia 10.14.22,2022-10-14 13:40:28,2022-10-14 14:00:00,1,14.0,10.0,77.0,0.0,7.0,0.7,1016.0,3.0,1
137,0 days 00:24:15,0 days 00:26:50,155.0,B. impatiens (F),B. impatiens (F),(pol.) +Tithonia rotundifolia 10.14.22,2022-10-14 13:42:55,2022-10-14 14:00:00,1,14.0,10.0,77.0,0.0,7.0,0.7,1016.0,3.0,1
138,0 days 00:27:07,0 days 00:28:55,108.0,B. impatiens (F),B. impatiens (F),(pol.) +Tithonia rotundifolia 10.14.22,2022-10-14 13:45:42,2022-10-14 14:00:00,1,14.0,10.0,77.0,0.0,7.0,0.7,1016.0,3.0,1
139,0 days 00:29:12,0 days 00:31:26,134.0,B. impatiens (F),B. impatiens (F),(pol.) +Tithonia rotundifolia 10.14.22,2022-10-14 13:47:47,2022-10-14 14:00:00,1,14.0,10.0,77.0,0.0,7.0,0.7,1016.0,3.0,1
140,0 days 00:31:42,0 days 00:31:57,15.0,B. impatiens (F),Diptera,(pol.) +Tithonia rotundifolia 10.14.22,2022-10-14 13:50:18,2022-10-14 14:00:00,0,14.0,10.0,77.0,0.0,7.0,0.7,1016.0,3.0,1
141,0 days 00:33:20,0 days 00:34:16,56.0,Diptera,B. impatiens (F),(pol.) +Tithonia rotundifolia 10.14.22,2022-10-14 13:50:49,2022-10-14 14:00:00,0,14.0,10.0,77.0,0.0,7.0,0.7,1016.0,3.0,1
142,0 days 00:34:32,0 days 00:34:42,10.0,B. impatiens (F),B. impatiens (F),(pol.) +Tithonia rotundifolia 10.14.22,2022-10-14 13:53:08,2022-10-14 14:00:00,1,14.0,10.0,77.0,0.0,7.0,0.7,1016.0,3.0,1
143,0 days 00:34:46,0 days 00:39:42,296.0,B. impatiens (F),B. impatiens (F),(pol.) +Tithonia rotundifolia 10.14.22,2022-10-14 13:53:34,2022-10-14 14:00:00,1,14.0,10.0,77.0,0.0,7.0,0.7,1016.0,3.0,1
144,0 days 00:39:56,0 days 00:43:20,204.0,B. impatiens (F),B. impatiens (F),(pol.) +Tithonia rotundifolia 10.14.22,2022-10-14 13:58:34,2022-10-14 14:00:00,1,14.0,10.0,77.0,0.0,7.0,0.7,1016.0,3.0,1
145,0 days 00:43:43,0 days 00:48:13,270.0,B. impatiens (F),B. impatiens (F),(pol.) +Tithonia rotundifolia 10.14.22,2022-10-14 14:02:12,2022-10-14 14:00:00,1,14.0,10.0,77.0,0.0,7.0,0.7,1016.0,3.0,1
146,0 days 00:48:36,0 days 00:51:59,203.0,B. impatiens (F),B. impatiens (F),(pol.) +Tithonia rotundifolia 10.14.22,2022-10-14 14:07:05,2022-10-14 14:00:00,1,14.0,10.0,77.0,0.0,7.0,0.7,1016.0,3.0,1
147,0 days 00:52:20,0 days 00:53:03,43.0,B. impatiens (F),B. impatiens (F),(pol.) +Tithonia rotundifolia 10.14.22,2022-10-14 14:10:51,2022-10-14 14:00:00,1,14.0,10.0,77.0,0.0,7.0,0.7,1016.0,3.0,1
148,0 days 00:53:11,0 days 01:00:14,423.0,B. impatiens (F),B. impatiens (F),(pol.) +Tithonia rotundifolia 10.14.22,2022-10-14 14:11:55,2022-10-14 14:00:00,1,14.0,10.0,77.0,0.0,7.0,0.7,1016.0,3.0,1
149,0 days 01:00:38,0 days 01:08:44,486.0,B. impatiens (F),B. impatiens (F),(pol.) +Tithonia rotundifolia 10.14.22,2022-10-14 14:19:06,2022-10-14 14:00:00,1,14.0,10.0,77.0,0.0,7.0,0.7,1016.0,3.0,1
150,0 days 01:09:03,0 days 01:10:45,102.0,B. impatiens (F),B. impatiens (F),(pol.) +Tithonia rotundifolia 10.14.22,2022-10-14 14:27:36,2022-10-14 14:00:00,1,14.0,10.0,77.0,0.0,7.0,0.7,1016.0,3.0,1
151,0 days 00:50:17,0 days 00:57:12,415.0,Bombus impatiens (F),Monobia quadridens,(pol.)+Trifolium pratense 10.14.22,2022-10-14 14:02:09,2022-10-14 14:00:00,0,14.0,10.0,77.0,0.0,7.0,0.7,1016.0,3.0,1
165,0 days 01:01:59,0 days 01:03:01,62.0,Anthocoridae,Anthocoridae,(pol.)+Boltonia asteroides 10.14.22,2022-10-14 15:16:55,2022-10-14 15:00:00,1,16.0,6.1,52.0,0.0,140.0,7.0,1016.0,1.0,1
166,0 days 01:04:52,0 days 01:07:00,128.0,Anthocoridae,Anthocoridae,(pol.)+Boltonia asteroides 10.14.22,2022-10-14 15:18:12,2022-10-14 15:00:00,1,16.0,6.1,52.0,0.0,140.0,7.0,1016.0,1.0,1
167,0 days 01:07:51,0 days 01:14:04,373.0,Anthocoridae,Hymenoptera,(pol.)+Boltonia asteroides 10.14.22,2022-10-14 15:22:11,2022-10-14 15:00:00,0,16.0,6.1,52.0,0.0,140.0,7.0,1016.0,1.0,1
168,0 days 01:14:42,0 days 01:14:51,9.0,Hymenoptera,Hymenoptera,(pol.)+Boltonia asteroides 10.14.22,2022-10-14 15:29:15,2022-10-14 15:00:00,1,16.0,6.1,52.0,0.0,140.0,7.0,1016.0,1.0,1
169,0 days 13:43:34,0 days 14:28:35,2701.0,Apis mellifera,Bombus impatiens (F),i3 9-16-22 analysis sheet,2022-09-16 13:43:34,2022-09-16 14:00:00,0,20.0,15.0,73.0,0.0,0.0,0.0,1025.0,1.0,1
170,0 days 14:29:05,0 days 14:34:05,300.0,Bombus impatiens (F),Syrphinae,i3 9-16-22 analysis sheet,2022-09-16 14:29:05,2022-09-16 14:00:00,0,20.0,15.0,73.0,0.0,0.0,0.0,1025.0,1.0,1
171,0 days 13:46:12,0 days 13:59:12,780.0,Apis mellifera,Diptera,i8 9-16-22 analysis sheet,2022-09-16 13:46:12,2022-09-16 14:00:00,0,20.0,15.0,73.0,0.0,0.0,0.0,1025.0,1.0,1
172,0 days 13:59:42,0 days 14:12:42,780.0,Diptera,Insecta,i8 9-16-22 analysis sheet,2022-09-16 13:59:42,2022-09-16 14:00:00,0,20.0,15.0,73.0,0.0,0.0,0.0,1025.0,1.0,1
173,0 days 14:13:12,0 days 14:59:43,2791.0,Insecta,Bombus impatiens (F),i8 9-16-22 analysis sheet,2022-09-16 14:13:12,2022-09-16 14:00:00,0,20.0,15.0,73.0,0.0,0.0,0.0,1025.0,1.0,1
174,0 days 14:35:05,0 days 15:06:35,1890.0,Syrphinae,Apis mellifera,i3 9-16-22 analysis sheet,2022-09-16 14:35:05,2022-09-16 15:00:00,0,22.0,16.1,69.0,0.0,230.0,6.0,1025.0,1.0,1
175,0 days 15:07:05,0 days 15:21:05,840.0,Apis mellifera,Apis mellifera,i3 9-16-22 analysis sheet,2022-09-16 15:07:05,2022-09-16 15:00:00,1,22.0,16.1,69.0,0.0,230.0,6.0,1025.0,1.0,1
176,0 days 15:21:35,0 days 15:24:35,180.0,Apis mellifera,Apis mellifera,i3 9-16-22 analysis sheet,2022-09-16 15:21:35,2022-09-16 15:00:00,1,22.0,16.1,69.0,0.0,230.0,6.0,1025.0,1.0,1
177,0 days 15:25:05,0 days 15:40:05,900.0,Apis mellifera,Apis mellifera,i3 9-16-22 analysis sheet,2022-09-16 15:25:05,2022-09-16 15:00:00,1,22.0,16.1,69.0,0.0,230.0,6.0,1025.0,1.0,1
178,0 days 15:00:13,0 days 15:35:43,2130.0,Bombus impatiens (F),Apis mellifera,i8 9-16-22 analysis sheet,2022-09-16 15:00:13,2022-09-16 15:00:00,0,22.0,16.1,69.0,0.0,230.0,6.0,1025.0,1.0,1
179,0 days 14:51:05,0 days 15:17:05,1560.0,Syrphidae,Bombus impatiens,i9 9-16-22 analysis sheet,2022-09-16 14:51:05,2022-09-16 15:00:00,0,22.0,16.1,69.0,0.0,230.0,6.0,1025.0,1.0,1
180,0 days 15:17:35,0 days 15:22:05,270.0,Bombus impatiens,Arthropoda,i9 9-16-22 analysis sheet,2022-09-16 15:17:35,2022-09-16 15:00:00,0,22.0,16.1,69.0,0.0,230.0,6.0,1025.0,1.0,1
181,0 days 15:22:35,0 days 16:04:36,2521.0,Arthropoda,Arthropoda,i9 9-16-22 analysis sheet,2022-09-16 15:22:35,2022-09-16 15:00:00,1,22.0,16.1,69.0,0.0,230.0,6.0,1025.0,1.0,1
182,0 days 15:40:35,0 days 15:46:05,330.0,Apis mellifera,A. mellifera,i3 9-16-22 analysis sheet,2022-09-16 15:40:35,2022-09-16 16:00:00,1,23.0,16.1,65.0,0.0,320.0,6.0,1024.0,2.0,1
183,0 days 15:46:35,0 days 15:48:05,90.0,A. mellifera,A. mellifera,i3 9-16-22 analysis sheet,2022-09-16 15:46:35,2022-09-16 16:00:00,1,23.0,16.1,65.0,0.0,320.0,6.0,1024.0,2.0,1
184,0 days 15:48:35,0 days 15:54:05,330.0,A. mellifera,Syrphinae,i3 9-16-22 analysis sheet,2022-09-16 15:48:35,2022-09-16 16:00:00,0,23.0,16.1,65.0,0.0,320.0,6.0,1024.0,2.0,1
185,0 days 15:55:35,0 days 15:58:05,150.0,Syrphinae,Coleoptera,i3 9-16-22 analysis sheet,2022-09-16 15:55:35,2022-09-16 16:00:00,0,23.0,16.1,65.0,0.0,320.0,6.0,1024.0,2.0,1
186,0 days 15:58:35,0 days 16:10:36,721.0,Coleoptera,Apis mellifera,i3 9-16-22 analysis sheet,2022-09-16 15:58:35,2022-09-16 16:00:00,0,23.0,16.1,65.0,0.0,320.0,6.0,1024.0,2.0,1
187,0 days 16:11:06,0 days 16:15:36,270.0,Apis mellifera,A. mellifera,i3 9-16-22 analysis sheet,2022-09-16 16:11:06,2022-09-16 16:00:00,1,23.0,16.1,65.0,0.0,320.0,6.0,1024.0,2.0,1
188,0 days 16:16:06,0 days 16:26:06,600.0,A. mellifera,A. mellifera,i3 9-16-22 analysis sheet,2022-09-16 16:16:06,2022-09-16 16:00:00,1,23.0,16.1,65.0,0.0,320.0,6.0,1024.0,2.0,1
189,0 days 16:26:36,0 days 16:55:06,1710.0,A. mellifera,Bombus impatiens (F),i3 9-16-22 analysis sheet,2022-09-16 16:26:36,2022-09-16 16:00:00,0,23.0,16.1,65.0,0.0,320.0,6.0,1024.0,2.0,1
190,0 days 15:36:13,0 days 15:49:14,781.0,Apis mellifera,Bombus impatiens (F),i8 9-16-22 analysis sheet,2022-09-16 15:36:13,2022-09-16 16:00:00,0,23.0,16.1,65.0,0.0,320.0,6.0,1024.0,2.0,1
191,0 days 16:05:06,0 days 16:17:36,750.0,Arthropoda,Apis mellifera,i9 9-16-22 analysis sheet,2022-09-16 16:05:06,2022-09-16 16:00:00,1,23.0,16.1,65.0,0.0,320.0,6.0,1024.0,2.0,1
192,0 days 14:19:52,0 days 14:44:52,1500.0,Apis mellifera,Syrphidae,i9 9-14-22 analysis sheet,2022-09-14 14:19:52,2022-09-14 14:00:00,0,20.0,16.0,78.0,0.0,300.0,7.6,1019.0,1.0,1
193,0 days 13:40:04,0 days 13:51:04,660.0,Apis mellifera,Apis mellifera,i10 9-14-22 analysis sheet,2022-09-14 13:40:04,2022-09-14 14:00:00,1,20.0,16.0,78.0,0.0,300.0,7.6,1019.0,1.0,1
194,0 days 13:51:34,0 days 13:52:34,60.0,Apis mellifera,Syrphidae,i10 9-14-22 analysis sheet,2022-09-14 13:51:34,2022-09-14 14:00:00,0,20.0,16.0,78.0,0.0,300.0,7.6,1019.0,1.0,1
195,0 days 13:53:04,0 days 15:09:05,4561.0,Syrphidae,Apis mellifera,i10 9-14-22 analysis sheet,2022-09-14 13:53:04,2022-09-14 14:00:00,0,20.0,16.0,78.0,0.0,300.0,7.6,1019.0,1.0,1
196,0 days 14:45:22,0 days 15:17:22,1920.0,Syrphidae,Apis mellifera,i9 9-14-22 analysis sheet,2022-09-14 14:45:22,2022-09-14 15:00:00,0,23.0,16.1,65.0,0.0,320.0,13.0,1019.0,1.0,1
197,0 days 15:17:52,0 days 15:30:52,780.0,Apis mellifera,Apis mellifera,i9 9-14-22 analysis sheet,2022-09-14 15:17:52,2022-09-14 15:00:00,1,23.0,16.1,65.0,0.0,320.0,13.0,1019.0,1.0,1
198,0 days 15:10:05,0 days 15:50:36,2431.0,Apis mellifera,Syrphidae,i10 9-14-22 analysis sheet,2022-09-14 15:10:05,2022-09-14 15:00:00,0,23.0,16.1,65.0,0.0,320.0,13.0,1019.0,1.0,1
199,0 days 15:31:22,0 days 15:35:22,240.0,Apis mellifera,Apis mellifera,i9 9-14-22 analysis sheet,2022-09-14 15:31:22,2022-09-14 16:00:00,1,24.0,16.0,61.0,0.0,310.0,11.0,1019.0,1.0,1
200,0 days 15:35:52,0 days 16:10:53,2101.0,Apis mellifera,Apis mellifera,i9 9-14-22 analysis sheet,2022-09-14 15:35:52,2022-09-14 16:00:00,1,24.0,16.0,61.0,0.0,310.0,11.0,1019.0,1.0,1
201,0 days 16:11:23,0 days 16:19:53,510.0,Apis mellifera,Apis mellifera,i9 9-14-22 analysis sheet,2022-09-14 16:11:23,2022-09-14 16:00:00,1,24.0,16.0,61.0,0.0,310.0,11.0,1019.0,1.0,1
202,0 days 14:18:24,0 days 14:29:54,690.0,Bee Species,Brachycera,i9 9-15-22 analysis sheet,2022-09-15 14:18:24,2022-09-15 14:00:00,1,22.0,18.0,78.0,0.0,320.0,9.0,1023.0,1.0,1
203,0 days 14:30:24,0 days 14:35:24,300.0,Brachycera,Apis mellifera,i9 9-15-22 analysis sheet,2022-09-15 14:30:24,2022-09-15 15:00:00,0,23.0,17.0,69.0,0.0,20.0,9.4,1023.0,1.0,1
204,0 days 14:35:54,0 days 15:50:25,4471.0,Apis mellifera,Hesperiinae,i9 9-15-22 analysis sheet,2022-09-15 14:35:54,2022-09-15 15:00:00,0,23.0,17.0,69.0,0.0,20.0,9.4,1023.0,1.0,1
205,0 days 15:50:55,0 days 16:00:55,600.0,Hesperiinae,Hesperiinae,i9 9-15-22 analysis sheet,2022-09-15 15:50:55,2022-09-15 16:00:00,1,24.0,16.0,61.0,0.0,360.0,11.0,1023.0,1.0,1
206,0 days 00:07:23,0 days 00:12:34,311.0,Apis mellifera,A. mellifera,(Pol.) +Helianthus tuberosus 9.21.22,2022-09-23 13:50:39,2022-09-23 14:00:00,1,15.0,4.1,48.0,0.0,300.0,13.0,1019.0,1.0,1
207,0 days 00:13:02,0 days 00:13:08,6.0,A. mellifera,A. mellifera,(Pol.) +Helianthus tuberosus 9.21.22,2022-09-23 13:56:17,2022-09-23 14:00:00,1,15.0,4.1,48.0,0.0,300.0,13.0,1019.0,1.0,1
208,0 days 00:13:15,0 days 00:13:40,25.0,A. mellifera,A. mellifera,(Pol.) +Helianthus tuberosus 9.21.22,2022-09-23 13:56:51,2022-09-23 14:00:00,1,15.0,4.1,48.0,0.0,300.0,13.0,1019.0,1.0,1
209,0 days 00:13:44,0 days 00:15:42,118.0,A. mellifera,A. mellifera,(Pol.) +Helianthus tuberosus 9.21.22,2022-09-23 13:57:23,2022-09-23 14:00:00,1,15.0,4.1,48.0,0.0,300.0,13.0,1019.0,1.0,1
210,0 days 00:15:53,0 days 00:16:05,12.0,A. mellifera,A. mellifera,(Pol.) +Helianthus tuberosus 9.21.22,2022-09-23 13:59:25,2022-09-23 14:00:00,1,15.0,4.1,48.0,0.0,300.0,13.0,1019.0,1.0,1
211,0 days 00:16:11,0 days 00:18:13,122.0,A. mellifera,A. mellifera,(Pol.) +Helianthus tuberosus 9.21.22,2022-09-23 13:59:48,2022-09-23 14:00:00,1,15.0,4.1,48.0,0.0,300.0,13.0,1019.0,1.0,1
212,0 days 00:18:15,0 days 00:19:48,93.0,A. mellifera,A. mellifera,(Pol.) +Helianthus tuberosus 9.21.22,2022-09-23 14:01:56,2022-09-23 14:00:00,1,15.0,4.1,48.0,0.0,300.0,13.0,1019.0,1.0,1
213,0 days 00:20:03,0 days 00:23:08,185.0,A. mellifera,A. mellifera,(Pol.) +Helianthus tuberosus 9.21.22,2022-09-23 14:03:31,2022-09-23 14:00:00,1,15.0,4.1,48.0,0.0,300.0,13.0,1019.0,1.0,1
214,0 days 00:23:30,0 days 00:24:20,50.0,A. mellifera,A. mellifera,(Pol.) +Helianthus tuberosus 9.21.22,2022-09-23 14:06:51,2022-09-23 14:00:00,1,15.0,4.1,48.0,0.0,300.0,13.0,1019.0,1.0,1
215,0 days 00:24:33,0 days 00:28:21,228.0,A. mellifera,A. mellifera,(Pol.) +Helianthus tuberosus 9.21.22,2022-09-23 14:08:03,2022-09-23 14:00:00,1,15.0,4.1,48.0,0.0,300.0,13.0,1019.0,1.0,1
216,0 days 00:28:43,0 days 00:30:31,108.0,A. mellifera,A. mellifera,(Pol.) +Helianthus tuberosus 9.21.22,2022-09-23 14:12:04,2022-09-23 14:00:00,1,15.0,4.1,48.0,0.0,300.0,13.0,1019.0,1.0,1
217,0 days 00:30:43,0 days 00:33:47,184.0,A. mellifera,A. mellifera,(Pol.) +Helianthus tuberosus 9.21.22,2022-09-23 14:14:14,2022-09-23 14:00:00,1,15.0,4.1,48.0,0.0,300.0,13.0,1019.0,1.0,1
218,0 days 00:33:52,0 days 00:36:02,130.0,A. mellifera,A. mellifera,(Pol.) +Helianthus tuberosus 9.21.22,2022-09-23 14:17:30,2022-09-23 14:00:00,1,15.0,4.1,48.0,0.0,300.0,13.0,1019.0,1.0,1
219,0 days 00:36:21,0 days 00:37:07,46.0,A. mellifera,A. mellifera,(Pol.) +Helianthus tuberosus 9.21.22,2022-09-23 14:19:45,2022-09-23 14:00:00,1,15.0,4.1,48.0,0.0,300.0,13.0,1019.0,1.0,1
220,0 days 00:37:10,0 days 00:38:52,102.0,A. mellifera,A. mellifera,(Pol.) +Helianthus tuberosus 9.21.22,2022-09-23 14:20:50,2022-09-23 14:00:00,1,15.0,4.1,48.0,0.0,300.0,13.0,1019.0,1.0,1
221,0 days 00:39:09,0 days 00:39:43,34.0,A. mellifera,A. mellifera,(Pol.) +Helianthus tuberosus 9.21.22,2022-09-23 14:22:35,2022-09-23 14:00:00,1,15.0,4.1,48.0,0.0,300.0,13.0,1019.0,1.0,1
222,0 days 00:39:49,0 days 00:43:06,197.0,A. mellifera,A. mellifera,(Pol.) +Helianthus tuberosus 9.21.22,2022-09-23 14:23:26,2022-09-23 14:00:00,1,15.0,4.1,48.0,0.0,300.0,13.0,1019.0,1.0,1
223,0 days 00:43:26,0 days 00:44:12,46.0,A. mellifera,A. mellifera,(Pol.) +Helianthus tuberosus 9.21.22,2022-09-23 14:27:06,2022-09-23 14:00:00,1,15.0,4.1,48.0,0.0,300.0,13.0,1019.0,1.0,1
224,0 days 00:44:19,0 days 00:47:03,164.0,A. mellifera,A. mellifera,(Pol.) +Helianthus tuberosus 9.21.22,2022-09-23 14:27:55,2022-09-23 14:00:00,1,15.0,4.1,48.0,0.0,300.0,13.0,1019.0,1.0,1
225,0 days 00:47:06,0 days 00:50:06,180.0,A. mellifera,A. mellifera,(Pol.) +Helianthus tuberosus 9.21.22,2022-09-23 14:30:46,2022-09-23 15:00:00,1,16.0,4.1,45.0,0.0,330.0,15.0,1019.0,1.0,1
226,0 days 00:50:26,0 days 00:50:54,28.0,A. mellifera,A. mellifera,(Pol.) +Helianthus tuberosus 9.21.22,2022-09-23 14:33:49,2022-09-23 15:00:00,1,16.0,4.1,45.0,0.0,330.0,15.0,1019.0,1.0,1
227,0 days 00:26:20,0 days 00:36:18,598.0,Hesperiinae,Hesperiinae,(pol.) +Zinnia elegans1 9.27.22,2022-09-27 14:37:19,2022-09-27 15:00:00,1,20.0,10.1,53.0,0.0,300.0,15.0,1014.0,1.0,1
228,0 days 00:36:59,0 days 00:38:49,110.0,Hesperiinae,Hesperiinae,(pol.) +Zinnia elegans1 9.27.22,2022-09-27 14:48:18,2022-09-27 15:00:00,1,20.0,10.1,53.0,0.0,300.0,15.0,1014.0,1.0,1
229,0 days 00:39:17,0 days 00:44:10,293.0,Hesperiinae,Hesperiinae,(pol.) +Zinnia elegans1 9.27.22,2022-09-27 14:50:15,2022-09-27 15:00:00,1,20.0,10.1,53.0,0.0,300.0,15.0,1014.0,1.0,1
230,0 days 00:44:25,0 days 00:45:54,89.0,Hesperiinae,Hesperiinae,(pol.) +Zinnia elegans1 9.27.22,2022-09-27 14:55:36,2022-09-27 15:00:00,1,20.0,10.1,53.0,0.0,300.0,15.0,1014.0,1.0,1
231,0 days 00:46:16,0 days 01:00:32,856.0,Hesperiinae,Hesperiinae,(pol.) +Zinnia elegans1 9.27.22,2022-09-27 14:57:20,2022-09-27 15:00:00,1,20.0,10.1,53.0,0.0,300.0,15.0,1014.0,1.0,1
232,0 days 01:00:43,0 days 01:01:35,52.0,Hesperiinae,Hesperiinae,(pol.) +Zinnia elegans1 9.27.22,2022-09-27 15:11:58,2022-09-27 15:00:00,1,20.0,10.1,53.0,0.0,300.0,15.0,1014.0,1.0,1
233,0 days 00:09:57,0 days 00:15:51,354.0,Apis mellifera,A. mellifera,(pol.) +Symphyotrichum laeve 9.28.22,2022-09-27 14:47:23,2022-09-27 15:00:00,1,20.0,10.1,53.0,0.0,300.0,15.0,1014.0,1.0,1
234,0 days 00:15:57,0 days 00:23:50,473.0,A. mellifera,A. mellifera,(pol.) +Symphyotrichum laeve 9.28.22,2022-09-27 14:53:23,2022-09-27 15:00:00,1,20.0,10.1,53.0,0.0,300.0,15.0,1014.0,1.0,1
235,0 days 00:24:03,0 days 00:24:19,16.0,A. mellifera,A. mellifera,(pol.) +Symphyotrichum laeve 9.28.22,2022-09-27 15:01:22,2022-09-27 15:00:00,1,20.0,10.1,53.0,0.0,300.0,15.0,1014.0,1.0,1
236,0 days 00:24:20,0 days 00:32:25,485.0,A. mellifera,A. mellifera,(pol.) +Symphyotrichum laeve 9.28.22,2022-09-27 15:01:51,2022-09-27 15:00:00,1,20.0,10.1,53.0,0.0,300.0,15.0,1014.0,1.0,1
237,0 days 00:32:39,0 days 00:34:32,113.0,A. mellifera,A. mellifera,(pol.) +Symphyotrichum laeve 9.28.22,2022-09-27 15:09:57,2022-09-27 15:00:00,1,20.0,10.1,53.0,0.0,300.0,15.0,1014.0,1.0,1
238,0 days 00:34:36,0 days 00:37:59,203.0,A. mellifera,A. mellifera,(pol.) +Symphyotrichum laeve 9.28.22,2022-09-27 15:12:04,2022-09-27 15:00:00,1,20.0,10.1,53.0,0.0,300.0,15.0,1014.0,1.0,1
239,0 days 00:38:06,0 days 00:53:11,905.0,A. mellifera,Bombus impatiens (F),(pol.) +Symphyotrichum laeve 9.28.22,2022-09-27 15:15:31,2022-09-27 15:00:00,0,20.0,10.1,53.0,0.0,300.0,15.0,1014.0,1.0,1
240,0 days 00:03:49,0 days 00:59:39,3350.0,Bombus impatiens (F),B. impatiens (F),(pol.) +Eupatorium altissimum 9.28.22,2022-09-28 13:07:57,2022-09-28 13:00:00,1,14.0,9.0,72.0,0.0,300.0,13.0,1023.0,1.0,1
241,0 days 00:29:08,0 days 00:52:59,1431.0,Bombus impatiens (F),Apis mellifera,(pol.) +Symphyotrichum pilosum 9.28.22,2022-09-28 15:07:38,2022-09-28 15:00:00,0,17.0,9.9,63.0,0.0,320.0,15.0,1023.0,1.0,1
242,0 days 00:53:15,0 days 01:13:54,1239.0,Apis mellifera,Brachycera,(pol.) +Symphyotrichum pilosum 9.28.22,2022-09-28 15:31:41,2022-09-28 16:00:00,0,18.0,10.1,60.0,0.0,320.0,11.0,1023.0,1.0,1
243,0 days 01:14:04,0 days 01:15:12,68.0,Brachycera,A. mellifera,(pol.) +Symphyotrichum pilosum 9.28.22,2022-09-28 15:52:36,2022-09-28 16:00:00,0,18.0,10.1,60.0,0.0,320.0,11.0,1023.0,1.0,1
244,0 days 01:15:28,0 days 02:06:22,3054.0,A. mellifera,A. mellifera,(pol.) +Symphyotrichum pilosum 9.28.22,2022-09-28 15:53:54,2022-09-28 16:00:00,1,18.0,10.1,60.0,0.0,320.0,11.0,1023.0,1.0,1
245,0 days 02:06:35,0 days 02:29:36,1381.0,A. mellifera,A. mellifera,(pol.) +Symphyotrichum pilosum 9.28.22,2022-09-28 16:45:04,2022-09-28 17:00:00,1,20.0,10.1,53.0,0.0,310.0,11.2,1023.0,1.0,1
246,0 days 00:53:25,0 days 00:56:50,205.0,Bombus impatiens (F),A. mellifera,(pol.) +Symphyotrichum laeve 9.28.22,2022-09-27 15:30:43,2022-09-27 16:00:00,0,21.0,6.9,40.0,0.0,280.0,20.5,1014.0,1.0,1
247,0 days 00:17:18,0 days 00:32:12,894.0,Bombus impatiens (F),Bombus impatiens (F),(pol.) +Monarda punctata 9.28.22,2022-09-28 13:40:18,2022-09-28 14:00:00,1,15.0,10.0,72.0,0.0,320.0,13.0,1023.0,1.0,1
248,0 days 00:32:16,0 days 01:15:09,2573.0,Bombus impatiens (F),Bombus impatiens (F),(pol.) +Monarda punctata 9.28.22,2022-09-28 13:55:22,2022-09-28 14:00:00,1,15.0,10.0,72.0,0.0,320.0,13.0,1023.0,1.0,1
249,0 days 00:00:56,0 days 00:02:53,117.0,Apis mellifera,A. mellifera,(pol.)+Helianthus tuberosus 9.29.22,2022-09-29 13:09:06,2022-09-29 13:00:00,1,15.0,8.9,67.0,0.0,20.0,17.0,1030.0,1.0,1
250,0 days 00:02:55,0 days 00:12:00,545.0,A. mellifera,A. mellifera,(pol.)+Helianthus tuberosus 9.29.22,2022-09-29 13:11:14,2022-09-29 13:00:00,1,15.0,8.9,67.0,0.0,20.0,17.0,1030.0,1.0,1
251,0 days 00:12:05,0 days 00:13:05,60.0,A. mellifera,A. mellifera,(pol.)+Helianthus tuberosus 9.29.22,2022-09-29 13:20:21,2022-09-29 13:00:00,1,15.0,8.9,67.0,0.0,20.0,17.0,1030.0,1.0,1
252,0 days 00:13:07,0 days 00:15:29,142.0,A. mellifera,A. mellifera,(pol.)+Helianthus tuberosus 9.29.22,2022-09-29 13:21:26,2022-09-29 13:00:00,1,15.0,8.9,67.0,0.0,20.0,17.0,1030.0,1.0,1
253,0 days 00:15:32,0 days 00:18:40,188.0,A. mellifera,A. mellifera,(pol.)+Helianthus tuberosus 9.29.22,2022-09-29 13:23:50,2022-09-29 13:00:00,1,15.0,8.9,67.0,0.0,20.0,17.0,1030.0,1.0,1
254,0 days 00:18:41,0 days 00:24:30,349.0,A. mellifera,A. mellifera,(pol.)+Helianthus tuberosus 9.29.22,2022-09-29 13:27:01,2022-09-29 13:00:00,1,15.0,8.9,67.0,0.0,20.0,17.0,1030.0,1.0,1
255,0 days 00:24:38,0 days 00:30:17,339.0,A. mellifera,A. mellifera,(pol.)+Helianthus tuberosus 9.29.22,2022-09-29 13:32:51,2022-09-29 14:00:00,1,16.0,9.0,63.0,0.0,20.0,14.8,1029.0,1.0,1
256,0 days 00:30:23,0 days 00:34:25,242.0,A. mellifera,A. mellifera,(pol.)+Helianthus tuberosus 9.29.22,2022-09-29 13:38:38,2022-09-29 14:00:00,1,16.0,9.0,63.0,0.0,20.0,14.8,1029.0,1.0,1
257,0 days 00:34:29,0 days 00:47:10,761.0,A. mellifera,A. mellifera,(pol.)+Helianthus tuberosus 9.29.22,2022-09-29 13:42:46,2022-09-29 14:00:00,1,16.0,9.0,63.0,0.0,20.0,14.8,1029.0,1.0,1
258,0 days 00:47:13,0 days 00:56:09,536.0,A. mellifera,A. mellifera,(pol.)+Helianthus tuberosus 9.29.22,2022-09-29 13:55:31,2022-09-29 14:00:00,1,16.0,9.0,63.0,0.0,20.0,14.8,1029.0,1.0,1
259,0 days 00:56:13,0 days 00:56:47,34.0,A. mellifera,A. mellifera,(pol.)+Helianthus tuberosus 9.29.22,2022-09-29 14:04:30,2022-09-29 14:00:00,1,16.0,9.0,63.0,0.0,20.0,14.8,1029.0,1.0,1
260,0 days 00:56:49,0 days 00:57:56,67.0,A. mellifera,A. mellifera,(pol.)+Helianthus tuberosus 9.29.22,2022-09-29 14:05:08,2022-09-29 14:00:00,1,16.0,9.0,63.0,0.0,20.0,14.8,1029.0,1.0,1
261,0 days 00:57:58,0 days 01:01:48,230.0,A. mellifera,A. mellifera,(pol.)+Helianthus tuberosus 9.29.22,2022-09-29 14:06:17,2022-09-29 14:00:00,1,16.0,9.0,63.0,0.0,20.0,14.8,1029.0,1.0,1
262,0 days 00:01:41,0 days 00:36:03,2062.0,Brachycera,Eristalinae,(pol.) +P1 Echinacea purpurea 10.6.22,2022-10-06 14:46:39,2022-10-06 15:00:00,0,20.0,10.1,53.0,0.0,306.0,4.3,1018.0,3.0,1
263,0 days 00:36:05,0 days 00:37:08,63.0,Eristalinae,Eristalinae,(pol.) +P1 Echinacea purpurea 10.6.22,2022-10-06 15:21:03,2022-10-06 15:00:00,1,20.0,10.1,53.0,0.0,306.0,4.3,1018.0,3.0,1
264,0 days 00:37:20,0 days 00:39:38,138.0,Eristalinae,Bombus impatiens (F),(pol.) +P1 Echinacea purpurea 10.6.22,2022-10-06 15:22:08,2022-10-06 15:00:00,0,20.0,10.1,53.0,0.0,306.0,4.3,1018.0,3.0,1
265,0 days 00:46:14,0 days 00:46:31,17.0,Bombus impatiens (F),B. impatiens (F),(pol.) +P1 Echinacea purpurea 10.6.22,2022-10-06 15:24:38,2022-10-06 15:00:00,1,20.0,10.1,53.0,0.0,306.0,4.3,1018.0,3.0,1
266,0 days 00:47:04,0 days 00:47:21,17.0,B. impatiens (F),B. impatiens (F),(pol.) +P1 Echinacea purpurea 10.6.22,2022-10-06 15:31:31,2022-10-06 16:00:00,1,22.0,8.1,41.0,0.0,260.0,7.0,1017.0,3.0,1
267,0 days 00:47:41,0 days 00:47:57,16.0,B. impatiens (F),B. impatiens (F),(pol.) +P1 Echinacea purpurea 10.6.22,2022-10-06 15:32:21,2022-10-06 16:00:00,1,22.0,8.1,41.0,0.0,260.0,7.0,1017.0,3.0,1
268,0 days 00:48:05,0 days 00:49:12,67.0,B. impatiens (F),B. impatiens (F),(pol.) +P1 Echinacea purpurea 10.6.22,2022-10-06 15:32:57,2022-10-06 16:00:00,1,22.0,8.1,41.0,0.0,260.0,7.0,1017.0,3.0,1
269,0 days 00:49:46,0 days 00:52:42,176.0,B. impatiens (F),B. impatiens (F),(pol.) +P1 Echinacea purpurea 10.6.22,2022-10-06 15:34:12,2022-10-06 16:00:00,1,22.0,8.1,41.0,0.0,260.0,7.0,1017.0,3.0,1
270,0 days 00:53:07,0 days 00:55:48,161.0,B. impatiens (F),B. impatiens (M),(pol.) +P1 Echinacea purpurea 10.6.22,2022-10-06 15:37:42,2022-10-06 16:00:00,1,22.0,8.1,41.0,0.0,260.0,7.0,1017.0,3.0,1
271,0 days 00:55:50,0 days 01:01:04,314.0,B. impatiens (M),Apis mellifera,(pol.) +P1 Echinacea purpurea 10.6.22,2022-10-06 15:40:48,2022-10-06 16:00:00,0,22.0,8.1,41.0,0.0,260.0,7.0,1017.0,3.0,1
272,0 days 00:03:20,0 days 00:04:53,93.0,Bombus impatiens (F),Diptera,(pol.) +P2 Echinacea purpurea 10.6.22,2022-10-06 16:00:37,2022-10-06 16:00:00,0,22.0,8.1,41.0,0.0,260.0,7.0,1017.0,3.0,1
273,0 days 00:06:59,0 days 00:25:27,1108.0,Diptera,Brachycera,(pol.) +P2 Echinacea purpurea 10.6.22,2022-10-06 16:05:00,2022-10-06 16:00:00,0,22.0,8.1,41.0,0.0,260.0,7.0,1017.0,3.0,1
274,0 days 00:25:42,0 days 00:28:24,162.0,Brachycera,B. impatiens (F),(pol.) +P2 Echinacea purpurea 10.6.22,2022-10-06 16:25:34,2022-10-06 16:00:00,1,22.0,8.1,41.0,0.0,260.0,7.0,1017.0,3.0,1
275,0 days 00:30:40,0 days 00:30:45,5.0,B. impatiens (F),B. impatiens (F),(pol.) +P2 Echinacea purpurea 10.6.22,2022-10-06 16:28:31,2022-10-06 16:00:00,1,22.0,8.1,41.0,0.0,260.0,7.0,1017.0,3.0,1
276,0 days 00:30:50,0 days 00:39:40,530.0,B. impatiens (F),Diptera,(pol.) +P2 Echinacea purpurea 10.6.22,2022-10-06 16:30:52,2022-10-06 17:00:00,0,22.0,12.0,53.0,0.0,240.0,9.0,1017.0,3.0,1
277,0 days 00:39:51,0 days 00:40:02,11.0,Diptera,B. impatiens (F),(pol.) +P2 Echinacea purpurea 10.6.22,2022-10-06 16:39:47,2022-10-06 17:00:00,0,22.0,12.0,53.0,0.0,240.0,9.0,1017.0,3.0,1
278,0 days 00:40:15,0 days 00:47:21,426.0,B. impatiens (F),Diptera,(pol.) +P2 Echinacea purpurea 10.6.22,2022-10-06 16:40:09,2022-10-06 17:00:00,0,22.0,12.0,53.0,0.0,240.0,9.0,1017.0,3.0,1
279,0 days 00:47:52,0 days 00:50:59,187.0,Diptera,B. impatiens (F),(pol.) +P2 Echinacea purpurea 10.6.22,2022-10-06 16:47:28,2022-10-06 17:00:00,0,22.0,12.0,53.0,0.0,240.0,9.0,1017.0,3.0,1
280,0 days 00:51:22,0 days 01:07:41,979.0,B. impatiens (F),Insecta,(pol.) +P2 Echinacea purpurea 10.6.22,2022-10-06 16:51:06,2022-10-06 17:00:00,0,22.0,12.0,53.0,0.0,240.0,9.0,1017.0,3.0,1
281,0 days 00:04:57,0 days 00:07:18,141.0,B. impatiens (F),B. impatiens (F),(pol.)+Eutrochium maculatum 10.7.22,2022-10-07 14:42:44,2022-10-07 15:00:00,1,20.0,13.0,64.0,0.0,250.0,6.0,1018.0,1.0,1
282,0 days 00:08:02,0 days 00:10:58,176.0,B. impatiens (F),Eristalinae,(pol.)+Eutrochium maculatum 10.7.22,2022-10-07 14:45:09,2022-10-07 15:00:00,0,20.0,13.0,64.0,0.0,250.0,6.0,1018.0,1.0,1
283,0 days 00:11:07,0 days 00:15:51,284.0,Eristalinae,B. impatiens (F),(pol.)+Eutrochium maculatum 10.7.22,2022-10-07 14:48:49,2022-10-07 15:00:00,0,20.0,13.0,64.0,0.0,250.0,6.0,1018.0,1.0,1
284,0 days 00:16:27,0 days 00:22:11,344.0,B. impatiens (F),B. impatiens (F),(pol.)+Eutrochium maculatum 10.7.22,2022-10-07 14:53:42,2022-10-07 15:00:00,1,20.0,13.0,64.0,0.0,250.0,6.0,1018.0,1.0,1
285,0 days 00:22:37,0 days 00:53:54,1877.0,B. impatiens (F),B. impatiens (F),(pol.)+Eutrochium maculatum 10.7.22,2022-10-07 15:00:02,2022-10-07 15:00:00,1,20.0,13.0,64.0,0.0,250.0,6.0,1018.0,1.0,1
286,0 days 00:56:23,0 days 01:08:43,740.0,B. impatiens (F),Brachycera,(pol.)+Eutrochium maculatum 10.7.22,2022-10-07 15:31:45,2022-10-07 16:00:00,1,22.0,8.1,41.0,0.0,280.0,11.2,1018.0,1.0,1
287,0 days 01:09:05,0 days 01:12:22,197.0,Brachycera,B. impatiens (M),(pol.)+Eutrochium maculatum 10.7.22,2022-10-07 15:46:34,2022-10-07 16:00:00,1,22.0,8.1,41.0,0.0,280.0,11.2,1018.0,1.0,1
288,0 days 00:01:48,0 days 00:25:57,1449.0,Bombus impatiens (F),B. impatiens (F),(pol.) +Bidens ferufillioa 10.11.22,2022-10-11 13:37:10,2022-10-11 14:00:00,1,17.0,7.9,55.0,0.0,258.0,2.5,1029.0,1.0,1
289,0 days 00:26:00,0 days 00:48:45,1365.0,B. impatiens (F),B. impatiens (F),(pol.) +Bidens ferufillioa 10.11.22,2022-10-11 14:01:39,2022-10-11 14:00:00,1,17.0,7.9,55.0,0.0,258.0,2.5,1029.0,1.0,1
290,0 days 00:48:56,0 days 01:09:20,1224.0,B. impatiens (F),B. impatiens (F),(pol.) +Bidens ferufillioa 10.11.22,2022-10-11 14:24:27,2022-10-11 14:00:00,1,17.0,7.9,55.0,0.0,258.0,2.5,1029.0,1.0,1
291,0 days 00:36:55,0 days 00:37:46,51.0,Insecta,Insecta,+Castanea mollissima 10.13.22,2022-10-13 14:29:40,2022-10-13 14:00:00,1,17.0,16.0,94.0,3.9,160.0,9.0,1011.0,9.0,1
292,0 days 00:00:28,0 days 00:00:37,9.0,Bombus impatiens (F),B. impatiens (F),(pol.) +Tithonia rotundifolia 10.14.22,2022-10-14 13:19:04,2022-10-14 13:00:00,1,12.0,12.0,100.0,0.0,210.0,6.0,1016.0,3.0,1
293,0 days 00:00:41,0 days 00:03:07,146.0,B. impatiens (F),B. impatiens (F),(pol.) +Tithonia rotundifolia 10.14.22,2022-10-14 13:19:29,2022-10-14 13:00:00,1,12.0,12.0,100.0,0.0,210.0,6.0,1016.0,3.0,1
294,0 days 00:03:14,0 days 00:09:39,385.0,B. impatiens (F),B. impatiens (F),(pol.) +Tithonia rotundifolia 10.14.22,2022-10-14 13:21:59,2022-10-14 13:00:00,1,12.0,12.0,100.0,0.0,210.0,6.0,1016.0,3.0,1
295,0 days 00:09:57,0 days 00:10:14,17.0,B. impatiens (F),Lasioglossum (Dialictus) sp. (F),(pol.) +Tithonia rotundifolia 10.14.22,2022-10-14 13:28:31,2022-10-14 13:00:00,0,12.0,12.0,100.0,0.0,210.0,6.0,1016.0,3.0,1
296,0 days 00:10:36,0 days 00:10:39,3.0,Lasioglossum (Dialictus) sp. (F),L. (Dialictus) sp. (F),(pol.) +Tithonia rotundifolia 10.14.22,2022-10-14 13:29:06,2022-10-14 13:00:00,1,12.0,12.0,100.0,0.0,210.0,6.0,1016.0,3.0,1
297,0 days 00:14:32,0 days 00:50:01,2129.0,Coliadinae,Bombus impatiens (F),(pol.)+Trifolium pratense 10.14.22,2022-10-14 13:26:36,2022-10-14 13:00:00,0,12.0,12.0,100.0,0.0,210.0,6.0,1016.0,3.0,1
0,0 days 14:18:53,0 days 14:44:24,1531.0,X. virginica (F),X. virginica (F),Obedient Plant 09-8-22 picture bag analysis sheet,2022-09-08 14:18:53,2022-09-08 14:00:00,1,22.0,18.0,78.0,0.0,10.0,7.6,1015.0,1.0,1
1,0 days 14:46:24,0 days 15:10:54,1470.0,X. virginica (F),Xylocopa virginica (F),Obedient Plant 09-8-22 picture bag analysis sheet,2022-09-08 14:46:24,2022-09-08 15:00:00,1,23.0,17.0,69.0,0.0,30.0,9.0,1015.0,1.0,1
2,0 days 12:42:47,0 days 13:18:48,2161.0,Augochora pura,Megachile sp. (F), Blue Vervain 07-21-22 Picture bag analysis,2022-07-21 12:42:47,2022-07-21 13:00:00,0,29.0,26.0,84.0,0.0,260.0,15.0,1007.0,1.0,1
3,0 days 13:19:18,0 days 13:19:48,30.0,Megachile sp. (F),Megachile sp. (F), Blue Vervain 07-21-22 Picture bag analysis,2022-07-21 13:19:18,2022-07-21 13:00:00,1,29.0,26.0,84.0,0.0,260.0,15.0,1007.0,1.0,1
4,0 days 13:20:18,0 days 13:23:48,210.0,Megachile sp. (F),Megachile sp. (F), Blue Vervain 07-21-22 Picture bag analysis,2022-07-21 13:20:18,2022-07-21 13:00:00,1,29.0,26.0,84.0,0.0,260.0,15.0,1007.0,1.0,1
5,0 days 13:24:18,0 days 13:31:48,450.0,Megachile sp. (F),Megachile sp. (F), Blue Vervain 07-21-22 Picture bag analysis,2022-07-21 13:24:18,2022-07-21 13:00:00,1,29.0,26.0,84.0,0.0,260.0,15.0,1007.0,1.0,1
6,0 days 12:29:34,0 days 12:29:44,10.0,Ceratina sp. (F),Ceratina sp. (F), Blue Vervain 07-21-22 unbagged analysis,2022-07-21 12:29:34,2022-07-21 12:00:00,1,27.0,25.0,89.0,0.0,220.0,6.0,1007.0,1.0,1
7,0 days 12:29:48,0 days 12:29:55,7.0,Ceratina sp. (F),Ceratina sp. (F), Blue Vervain 07-21-22 unbagged analysis,2022-07-21 12:29:48,2022-07-21 12:00:00,1,27.0,25.0,89.0,0.0,220.0,6.0,1007.0,1.0,1
9,0 days 16:01:24,0 days 16:11:55,631.0,Ceratina sp. (F),Ceratina, Blue Vervain 07-21-22 unbagged analysis,2022-07-21 16:01:24,2022-07-21 16:00:00,1,31.0,25.1,71.0,0.0,300.0,11.2,1008.0,3.0,1
10,0 days 16:12:55,0 days 16:20:25,450.0,Ceratina,Megachile sp. (F), Blue Vervain 07-21-22 unbagged analysis,2022-07-21 16:12:55,2022-07-21 16:00:00,0,31.0,25.1,71.0,0.0,300.0,11.2,1008.0,3.0,1
11,0 days 16:21:25,0 days 16:25:25,240.0,Megachile sp. (F),Ceratina sp. (F), Blue Vervain 07-21-22 unbagged analysis,2022-07-21 16:21:25,2022-07-21 16:00:00,0,31.0,25.1,71.0,0.0,300.0,11.2,1008.0,3.0,1
12,0 days 16:25:55,0 days 16:26:55,60.0,Ceratina sp. (F),Insecta, Blue Vervain 07-21-22 unbagged analysis,2022-07-21 16:25:55,2022-07-21 16:00:00,0,31.0,25.1,71.0,0.0,300.0,11.2,1008.0,3.0,1
13,0 days 16:27:25,0 days 16:28:55,90.0,Insecta,Ceratina sp., Blue Vervain 07-21-22 unbagged analysis,2022-07-21 16:27:25,2022-07-21 16:00:00,0,31.0,25.1,71.0,0.0,300.0,11.2,1008.0,3.0,1
14,0 days 16:29:25,0 days 16:30:55,90.0,Ceratina sp.,Ceratina sp. (F), Blue Vervain 07-21-22 unbagged analysis,2022-07-21 16:29:25,2022-07-21 16:00:00,1,31.0,25.1,71.0,0.0,300.0,11.2,1008.0,3.0,1
15,0 days 12:27:59,0 days 13:10:00,2521.0,Coleoptera,Coleoptera,Halberd-leaf Rosemallow 08-09-2022 unbagged analysis,2022-08-09 12:27:59,2022-08-09 12:00:00,1,26.0,26.0,100.0,0.0,210.0,7.0,1017.0,3.0,1
16,0 days 12:20:51,0 days 12:29:21,510.0,Insecta,Xylocopa virginica (F),Horsemint 08-11-2022 unbaggged analysis,2022-08-11 12:20:51,2022-08-11 12:00:00,0,22.3,20.4,89.0,0.0,312.0,10.8,1014.7,3.0,1
17,0 days 12:29:51,0 days 12:42:21,750.0,Xylocopa virginica (F),X. virginica (F),Horsemint 08-11-2022 unbaggged analysis,2022-08-11 12:29:51,2022-08-11 12:00:00,1,22.3,20.4,89.0,0.0,312.0,10.8,1014.7,3.0,1
18,0 days 12:43:51,0 days 12:44:51,60.0,X. virginica (F),X. virginica (F),Horsemint 08-11-2022 unbaggged analysis,2022-08-11 12:43:51,2022-08-11 13:00:00,1,21.0,21.0,100.0,0.0,290.0,6.0,1016.0,3.0,1
19,0 days 12:45:21,0 days 12:47:51,150.0,X. virginica (F),X. virginica (F),Horsemint 08-11-2022 unbaggged analysis,2022-08-11 12:45:21,2022-08-11 13:00:00,1,21.0,21.0,100.0,0.0,290.0,6.0,1016.0,3.0,1
20,0 days 12:48:21,0 days 12:51:51,210.0,X. virginica (F),X. virginica (F),Horsemint 08-11-2022 unbaggged analysis,2022-08-11 12:48:21,2022-08-11 13:00:00,1,21.0,21.0,100.0,0.0,290.0,6.0,1016.0,3.0,1
21,0 days 12:52:21,0 days 13:22:21,1800.0,X. virginica (F),X. virginica (F),Horsemint 08-11-2022 unbaggged analysis,2022-08-11 12:52:21,2022-08-11 13:00:00,1,21.0,21.0,100.0,0.0,290.0,6.0,1016.0,3.0,1
22,0 days 13:22:51,0 days 13:34:21,690.0,X. virginica (F),X. virginica (F),Horsemint 08-11-2022 unbaggged analysis,2022-08-11 13:22:51,2022-08-11 13:00:00,1,21.0,21.0,100.0,0.0,290.0,6.0,1016.0,3.0,1
23,0 days 12:47:11,0 days 13:26:42,2371.0,Xylocopa virginica (F),Xylocopa virginica (F),Horsemint 08-11-2022 picturebag analysis,2022-08-11 12:47:11,2022-08-11 13:00:00,1,21.0,21.0,100.0,0.0,290.0,6.0,1016.0,3.0,1
24,0 days 13:27:12,0 days 13:58:12,1860.0,Xylocopa virginica (F),Insecta,Horsemint 08-11-2022 picturebag analysis,2022-08-11 13:27:12,2022-08-11 13:00:00,0,21.0,21.0,100.0,0.0,290.0,6.0,1016.0,3.0,1
25,0 days 13:36:22,0 days 14:01:22,1500.0,X. virginica (F),X. virginica (F),Horsemint 08-11-2022 unbaggged analysis,2022-08-11 13:36:22,2022-08-11 14:00:00,1,24.0,22.1,89.0,0.0,320.0,13.0,1016.0,3.0,1
26,0 days 14:02:22,0 days 14:17:50,928.0,X. virginica (F),Monobia quadridens,Horsemint 08-11-2022 unbaggged analysis,2022-08-11 14:02:22,2022-08-11 14:00:00,0,24.0,22.1,89.0,0.0,320.0,13.0,1016.0,3.0,1
27,0 days 14:18:20,0 days 14:26:20,480.0,Monobia quadridens,X. virginica,Horsemint 08-11-2022 unbaggged analysis,2022-08-11 14:18:20,2022-08-11 14:00:00,0,24.0,22.1,89.0,0.0,320.0,13.0,1016.0,3.0,1
28,0 days 14:26:50,0 days 14:41:50,900.0,X. virginica,X. virginica (F),Horsemint 08-11-2022 unbaggged analysis,2022-08-11 14:26:50,2022-08-11 14:00:00,1,24.0,22.1,89.0,0.0,320.0,13.0,1016.0,3.0,1
29,0 days 13:58:42,0 days 15:02:13,3811.0,Insecta,X. virginica (F),Horsemint 08-11-2022 picturebag analysis,2022-08-11 13:58:42,2022-08-11 14:00:00,0,24.0,22.1,89.0,0.0,320.0,13.0,1016.0,3.0,1
30,0 days 14:26:24,0 days 15:10:55,2671.0,Bombus,Bombus impatiens (F),Jewelweed 09-13-2022 picture bag analysis sheet,2022-09-13 14:26:24,2022-09-13 14:00:00,1,22.0,16.1,69.0,0.0,290.0,13.0,1012.0,3.0,1
31,0 days 15:11:25,0 days 15:27:25,960.0,Bombus impatiens (F),Apidae,Jewelweed 09-13-2022 picture bag analysis sheet,2022-09-13 15:11:25,2022-09-13 15:00:00,0,23.0,16.1,65.0,0.0,310.0,11.2,1011.0,3.0,1
32,0 days 15:27:55,0 days 15:49:25,1290.0,Apidae,Bee Species,Jewelweed 09-13-2022 picture bag analysis sheet,2022-09-13 15:27:55,2022-09-13 15:00:00,0,23.0,16.1,65.0,0.0,310.0,11.2,1011.0,3.0,1
33,0 days 15:49:55,0 days 16:14:25,1470.0,Bee Species,Heteroptera,Jewelweed 09-13-2022 picture bag analysis sheet,2022-09-13 15:49:55,2022-09-13 16:00:00,0,25.0,17.0,61.0,0.0,280.0,13.0,1011.0,3.0,1
34,0 days 11:54:51,0 days 12:07:21,750.0,Bombus griseocollis (M),Augochlorini,Swamp Milkweed analysis 08-04-2022 unbagged,2022-08-04 11:54:51,2022-08-04 12:00:00,0,23.0,23.0,100.0,0.0,0.0,0.0,1019.0,1.0,1
35,0 days 12:07:51,0 days 12:10:51,180.0,Augochlorini,Bombus griseocollis,Swamp Milkweed analysis 08-04-2022 unbagged,2022-08-04 12:07:51,2022-08-04 12:00:00,0,23.0,23.0,100.0,0.0,0.0,0.0,1019.0,1.0,1
36,0 days 12:11:21,0 days 12:11:51,30.0,Bombus griseocollis,Bombus sp.,Swamp Milkweed analysis 08-04-2022 unbagged,2022-08-04 12:11:21,2022-08-04 12:00:00,1,23.0,23.0,100.0,0.0,0.0,0.0,1019.0,1.0,1
37,0 days 12:12:21,0 days 13:02:21,3000.0,Bombus sp.,Bombus griseocollis (F),Swamp Milkweed analysis 08-04-2022 unbagged,2022-08-04 12:12:21,2022-08-04 12:00:00,1,23.0,23.0,100.0,0.0,0.0,0.0,1019.0,1.0,1
38,0 days 13:02:51,0 days 13:31:22,1711.0,Bombus griseocollis (F),Bombus griseocollis (U),Swamp Milkweed analysis 08-04-2022 unbagged,2022-08-04 13:02:51,2022-08-04 13:00:00,1,28.0,25.0,84.0,0.0,220.0,7.0,1019.0,1.0,1
39,0 days 13:31:52,0 days 13:44:22,750.0,Bombus griseocollis (U),Bombus impatiens (F),Swamp Milkweed analysis 08-04-2022 unbagged,2022-08-04 13:31:52,2022-08-04 14:00:00,1,29.0,25.0,79.0,0.0,220.0,7.0,1019.0,1.0,1
40,0 days 12:12:26,0 days 12:37:56,1530.0,Bombus impatiens,apoidea,Great Blue Lobelia 08-25-2022 unbagged,2022-08-25 12:12:26,2022-08-25 12:00:00,0,17.0,17.0,100.0,0.0,0.0,0.0,1019.0,1.0,1
42,0 days 12:38:26,0 days 12:39:56,90.0,apoidea,Poanes zabulon,Great Blue Lobelia 08-25-2022 unbagged,2022-08-25 12:38:26,2022-08-25 13:00:00,0,21.0,21.0,100.0,0.0,0.0,0.0,1020.0,1.0,1
43,0 days 12:40:56,0 days 13:54:27,4411.0,Poanes zabulon,Macroglossum stellatarum,Great Blue Lobelia 08-25-2022 unbagged,2022-08-25 12:40:56,2022-08-25 13:00:00,0,21.0,21.0,100.0,0.0,0.0,0.0,1020.0,1.0,1
